name,sequence,length,gc_percent,at_percent
SEQ_01,ATGCGTACGATCGTACGATCGTACGATC,28,50.0,50.0
SEQ_02,ATGCGTACGATCGTACGATC,20,50.0,50.0
SEQ_03,ATGCGTACGATCGTACGATCGTAC,24,50.0,50.0
SEQ_04,ATGCGTACGATCGTAC,16,50.0,50.0
SEQ_05,ATGCGTACGATC,12,50.0,50.0
SEQ_06,ATGCGTAC,8,50.0,50.0
SEQ_07,ATGCGT,6,50.0,50.0
SEQ_08,ATGC,4,50.0,50.0
SEQ_09,ATGCGTACGATCGTACGATCGTACG,25,52.0,48.0
SEQ_10,GCGCGCGCGCGCGCGC,16,100.0,0.0
SEQ_11,AAAAAAAAAAAAAAAA,16,0.0,100.0
SEQ_12,TTTTTTTTTTTTTTTTTTT,19,0.0,100.0
SEQ_13,CCCCGGGGCCCCGGGG,16,100.0,0.0
SEQ_14,ATATATATATATATATATATAT,22,0.0,100.0
SEQ_15,GATTACA,7,28.57,71.43
SEQ_19,ATGCGTACGATCGTACGATCGTACGATCGATCGATCG,37,51.35,48.65
SEQ_20,ATGCGTACGATCGTACGATCGATCG,25,52.0,48.0
SEQ_21,ATGCCCGGGTTTAAACCCGGGTTTAAACCC,30,53.33,46.67
SEQ_22,ATGCCCGGGTTTAAACCCGGGTTTAAACCCGGG,33,57.58,42.42
SEQ_23,ATGCCCGGGTTTAAACCCGGGTTT,24,54.17,45.83
SEQ_24,ATGCCCGGGTTT,12,58.33,41.67
SEQ_28,ATGCATGCATGCATGCATGCATGCATGCATGCATGC,36,50.0,50.0
SEQ_29,ATGCATGCATGCATGC,16,50.0,50.0
SEQ_30,ATGCATGCATGC,12,50.0,50.0
USER_SEQUENCE,ATC,3,33.33,66.67
